Month,State,District,Age_0_5,Age_5_17,Age_18_greater
2025-09,"Andhra Pradesh",Krishna,198,19,4
2025-09,"Andhra Pradesh",Kurnool,298,22,2
2025-09,"Andhra Pradesh","Mahabub Nagar",45,9,0
2025-09,"Andhra Pradesh",Mahbubnagar,22,10,0
2025-09,"Andhra Pradesh",Medak,51,8,0
2025-09,"Andhra Pradesh","N. T. R",27,4,0
2025-09,"Andhra Pradesh",Nalgonda,30,4,0
2025-09,"Andhra Pradesh",Nandyal,25,2,0
2025-09,"Andhra Pradesh",Nellore,127,16,0
2025-09,"Andhra Pradesh",Palnadu,20,4,1
2025-09,"Andhra Pradesh",Prakasam,198,46,2
2025-09,"Andhra Pradesh",Rangareddi,62,16,0
2025-09,"Andhra Pradesh","Sri Potti Sriramulu Nellore",11,20,7
2025-09,"Andhra Pradesh","Sri Sathya Sai",20,0,1
2025-09,"Andhra Pradesh",Srikakulam,132,2,0
2025-09,"Andhra Pradesh",Tirupati,18,19,5
2025-09,"Andhra Pradesh",Visakhapatnam,172,17,2
2025-09,"Andhra Pradesh",Vizianagaram,101,10,0
2025-09,"Andhra Pradesh",Warangal,39,9,0
2025-09,"Andhra Pradesh","West Godavari",171,13,1
2025-09,"Andhra Pradesh","Y. S. R",20,1,1
2025-09,"Arunachal Pradesh",Changlang,15,5,1
2025-09,"Arunachal Pradesh","East Kameng",2,1,0
2025-09,"Arunachal Pradesh",Tawang,6,1,0
2025-09,"Arunachal Pradesh","West Siang",2,2,0
2025-09,Assam,Bajali,1,0,0
2025-09,Assam,Baksa,57,24,0
2025-09,Assam,Barpeta,222,64,1
2025-09,Assam,Biswanath,40,18,0
2025-09,Assam,Cachar,326,89,0
2025-09,Assam,Chirang,19,15,0
2025-09,Assam,Darrang,184,88,1
2025-09,Assam,Dhemaji,70,52,18
2025-09,Assam,Dhubri,274,78,0
2025-09,Assam,Dibrugarh,69,34,3
2025-09,Assam,Goalpara,178,48,3
2025-09,Assam,Golaghat,183,57,4
2025-09,Assam,Hailakandi,168,61,0
2025-09,Assam,Hojai,82,38,0
2025-09,Assam,Jorhat,32,15,0
2025-09,Assam,Kamrup,160,70,0
2025-09,Assam,"Kamrup Metro",83,72,1
2025-09,Assam,"Karbi Anglong",101,47,37
2025-09,Assam,Karimganj,272,108,0
2025-09,Assam,Kokrajhar,42,24,5
2025-09,Assam,Lakhimpur,168,75,2
2025-09,Assam,Marigaon,168,61,2
2025-09,Assam,Nagaon,366,137,0
2025-09,Assam,Nalbari,113,39,3
2025-09,Assam,Sonitpur,302,109,0
2025-09,Assam,"South Salmara Mankachar",28,10,0
2025-09,Assam,Sribhumi,3,3,0
2025-09,Assam,Tinsukia,102,45,1
2025-09,Assam,Udalguri,62,27,0
2025-09,Bihar,Araria,302,185,0
2025-09,Bihar,Arwal,17,93,0
2025-09,Bihar,Aurangabad,95,272,0
2025-09,Bihar,Banka,97,83,0
2025-09,Bihar,Begusarai,173,129,2
2025-09,Bihar,Bhagalpur,210,221,0
2025-09,Bihar,Bhojpur,60,200,0
2025-09,Bihar,Buxar,38,133,0
2025-09,Bihar,Darbhanga,405,208,1
2025-09,Bihar,"East Champaran",281,509,13
2025-09,Bihar,Gaya,163,477,4
2025-09,Bihar,Gopalganj,140,212,0
2025-09,Bihar,Jamui,140,182,3
2025-09,Bihar,Jehanabad,29,80,1
2025-09,Bihar,"Kaimur (Bhabua)",77,133,0
2025-09,Bihar,Katihar,239,119,1
2025-09,Bihar,Khagaria,96,107,1
2025-09,Bihar,Kishanganj,226,74,0
2025-09,Bihar,Madhepura,91,131,1
2025-09,Bihar,Madhubani,180,188,8
2025-09,Bihar,Munger,63,84,3
2025-09,Bihar,Muzaffarpur,232,167,1
2025-09,Bihar,Nalanda,130,308,3
2025-09,Bihar,Nawada,79,262,2
2025-09,Bihar,Patna,142,363,3
2025-09,Bihar,Purnia,271,153,0
2025-09,Bihar,Rohtas,71,164,1
2025-09,Bihar,Saharsa,183,227,6
2025-09,Bihar,Samastipur,358,286,3
2025-09,Bihar,Saran,156,371,3
2025-09,Bihar,Sheohar,35,27,1
2025-09,Bihar,Sitamarhi,274,226,21
2025-09,Bihar,Siwan,136,215,3
2025-09,Bihar,Supaul,186,146,2
2025-09,Bihar,Vaishali,246,312,1
2025-09,Bihar,"West Champaran",184,307,6
2025-09,Chandigarh,Chandigarh,63,6,0
2025-09,Chhattisgarh,"Baloda Bazar",119,21,0
2025-09,Chhattisgarh,Balrampur,153,55,0
2025-09,Chhattisgarh,Bastar,81,37,3
2025-09,Chhattisgarh,Bemetara,52,10,0
2025-09,Chhattisgarh,Bijapur,30,25,19
2025-09,Chhattisgarh,Bilaspur,145,24,0
2025-09,Chhattisgarh,Durg,90,20,0
2025-09,Chhattisgarh,Gariyaband,45,7,0
2025-09,Chhattisgarh,Jashpur,61,21,0
2025-09,Chhattisgarh,Kawardha,65,14,0
2025-09,Chhattisgarh,Kondagaon,71,27,0
2025-09,Chhattisgarh,Korba,97,13,0
2025-09,Chhattisgarh,Manendragarh–Chirmiri–Bharatpur,10,0,0
2025-09,Chhattisgarh,Raigarh,143,13,0
2025-09,Chhattisgarh,Raipur,198,14,0
2025-09,Chhattisgarh,Rajnandgaon,134,19,0
2025-09,Chhattisgarh,Sakti,12,4,0
2025-09,Chhattisgarh,Sarangarh-Bilaigarh,1,1,0
2025-09,Chhattisgarh,Sukma,14,15,1
2025-09,Chhattisgarh,Surajpur,51,11,0
2025-09,Chhattisgarh,Surguja,44,19,0
2025-09,"Dadra and Nagar Haveli and Daman and Diu","Dadra and Nagar Haveli",2,3,1
2025-09,Delhi,"Central Delhi",34,11,1
2025-09,Delhi,"East Delhi",105,37,3
2025-09,Delhi,"New Delhi",5,1,0
2025-09,Delhi,"North Delhi",23,8,0
2025-09,Delhi,"North East Delhi",172,95,1
2025-09,Delhi,"North West Delhi",150,50,3
2025-09,Delhi,"South Delhi",151,45,8
2025-09,Delhi,"South West Delhi",188,52,14
2025-09,Goa,"North Goa",39,7,4
2025-09,Goa,"South Goa",28,4,3
2025-09,Gujarat,Ahmadabad,21,11,0
2025-09,Gujarat,Ahmedabad,355,155,3
2025-09,Gujarat,Amreli,76,8,2
2025-09,Gujarat,Anand,106,16,1
2025-09,Gujarat,Arvalli,28,8,0
2025-09,Gujarat,"Banas Kantha",3,1,0
2025-09,Gujarat,Banaskantha,168,144,3
2025-09,Gujarat,Bharuch,82,10,1
2025-09,Gujarat,Bhavnagar,186,22,16
2025-09,Gujarat,Botad,12,5,0
2025-09,Gujarat,Chhotaudepur,9,6,0
2025-09,Gujarat,Dahod,111,97,10
2025-09,Gujarat,"Devbhumi Dwarka",30,5,1
2025-09,Gujarat,Dohad,31,27,0
2025-09,Gujarat,Gandhinagar,77,16,4
2025-09,Gujarat,"Gir Somnath",47,16,4
2025-09,Gujarat,Jamnagar,109,29,6
2025-09,Gujarat,Junagadh,159,34,3
2025-09,Gujarat,Kachchh,92,48,9
2025-09,Gujarat,Kheda,123,30,2
2025-09,Gujarat,Mahesana,76,23,0
2025-09,Gujarat,Mahisagar,37,13,1
2025-09,Gujarat,Morbi,72,19,7
2025-09,Gujarat,Narmada,51,4,0
2025-09,Gujarat,Navsari,48,1,0
2025-09,Gujarat,Panchmahals,125,48,1
2025-09,Gujarat,Patan,97,21,8
2025-09,Gujarat,Porbandar,33,7,3
2025-09,Gujarat,Rajkot,234,55,4
2025-09,Gujarat,Sabarkantha,114,62,7
2025-09,Gujarat,Surat,335,108,5
2025-09,Gujarat,"Surendra Nagar",123,51,4
2025-09,Gujarat,Surendranagar,7,0,0
2025-09,Gujarat,Tapi,73,6,2
2025-09,Gujarat,Vadodara,172,56,7
2025-09,Gujarat,Valsad,96,20,3
2025-09,Haryana,Bhiwani,89,6,1
2025-09,Haryana,"Charkhi Dadri",21,1,0
2025-09,Haryana,Faridabad,173,41,4
2025-09,Haryana,Fatehabad,28,2,0
2025-09,Haryana,Hisar,150,7,0
2025-09,Haryana,Jhajjar,69,3,1
2025-09,Haryana,Jind,86,4,0
2025-09,Haryana,Kaithal,71,1,0
2025-09,Haryana,Karnal,134,6,1
2025-09,Haryana,Kurukshetra,29,3,0
2025-09,Haryana,Mahendragarh,132,5,1
2025-09,Haryana,Mewat,84,8,0
2025-09,Haryana,Panipat,31,2,0
2025-09,Haryana,Rewari,90,8,1
2025-09,Haryana,Rohtak,63,5,0
2025-09,Haryana,Sirsa,49,6,0
2025-09,Haryana,Sonipat,116,5,1
2025-09,Haryana,"Yamuna Nagar",88,3,0
2025-09,"Himachal Pradesh",Bilaspur,22,2,0
2025-09,"Himachal Pradesh",Hamirpur,29,0,0
2025-09,"Himachal Pradesh",Kangra,99,2,0
2025-09,"Himachal Pradesh",Kullu,17,0,0
2025-09,"Himachal Pradesh",Mandi,57,2,0
2025-09,"Himachal Pradesh",Sirmaur,20,1,0
2025-09,"Himachal Pradesh",Solan,33,5,0
2025-09,"Himachal Pradesh",Una,27,0,0
2025-09,"Jammu and Kashmir",Anantnag,48,5,0
2025-09,"Jammu and Kashmir",Badgam,54,11,0
2025-09,"Jammu and Kashmir",Bandipore,53,11,0
2025-09,"Jammu and Kashmir",Baramula,44,7,0
2025-09,"Jammu and Kashmir",Budgam,22,2,0
2025-09,"Jammu and Kashmir",Doda,12,8,0
2025-09,"Jammu and Kashmir",Jammu,79,28,0
2025-09,"Jammu and Kashmir",Kargil,5,3,0
2025-09,"Jammu and Kashmir",Kathua,48,3,0
2025-09,"Jammu and Kashmir",Kupwara,75,18,0
2025-09,"Jammu and Kashmir",Leh,3,1,0
2025-09,"Jammu and Kashmir",Pulwama,41,6,0
2025-09,"Jammu and Kashmir",Rajouri,18,16,0
2025-09,"Jammu and Kashmir",Ramban,14,16,0
2025-09,"Jammu and Kashmir",Reasi,10,5,0
2025-09,"Jammu and Kashmir",Samba,11,1,0
2025-09,"Jammu and Kashmir",Srinagar,79,6,0
2025-09,"Jammu and Kashmir",Udhampur,32,11,1
2025-09,Jharkhand,Bokaro,86,70,1
2025-09,Jharkhand,Deoghar,132,96,4
2025-09,Jharkhand,Dhanbad,114,97,2
2025-09,Jharkhand,Dumka,77,96,0
2025-09,Jharkhand,"East Singhbhum",86,38,0
2025-09,Jharkhand,Garhwa,136,40,0
2025-09,Jharkhand,"Garhwa *",7,3,0
2025-09,Jharkhand,Giridih,231,239,6
2025-09,Jharkhand,Godda,69,55,0
2025-09,Jharkhand,Gumla,78,66,1
2025-09,Jharkhand,Hazaribag,6,6,0
2025-09,Jharkhand,Hazaribagh,79,64,0
2025-09,Jharkhand,Jamtara,38,17,0
2025-09,Jharkhand,Khunti,22,20,0
2025-09,Jharkhand,Latehar,49,35,0
2025-09,Jharkhand,Lohardaga,18,14,0
2025-09,Jharkhand,Pakur,99,75,1
2025-09,Jharkhand,Palamau,41,10,0
2025-09,Jharkhand,Palamu,128,33,1
2025-09,Jharkhand,"Purbi Singhbhum",27,6,0
2025-09,Jharkhand,Ramgarh,41,30,0
2025-09,Jharkhand,Ranchi,161,100,3
2025-09,Jharkhand,Sahebganj,115,72,2
2025-09,Jharkhand,Seraikela-Kharsawan,32,24,0
2025-09,Jharkhand,Seraikela-kharsawan,13,8,0
2025-09,Jharkhand,Simdega,73,39,0
2025-09,Jharkhand,"West Singhbhum",130,65,1
2025-09,Karnataka,Bagalkot,254,65,5
2025-09,Karnataka,"Bagalkot *",9,2,0
2025-09,Karnataka,Ballari,76,7,4
2025-09,Karnataka,Bangalore,162,41,0
2025-09,Karnataka,"Bangalore Rural",73,7,1
2025-09,Karnataka,Belagavi,259,41,3
2025-09,Karnataka,Belgaum,201,36,0
2025-09,Karnataka,Bellary,129,26,0
2025-09,Karnataka,Bengaluru,292,83,57
2025-09,Karnataka,Bidar,99,40,0
2025-09,Karnataka,Bijapur,110,45,0
2025-09,Karnataka,Chamarajanagar,11,0,0
2025-09,Karnataka,Chamrajanagar,49,7,0
2025-09,Karnataka,Chamrajnagar,9,1,0
2025-09,Karnataka,Chickmagalur,26,1,0
2025-09,Karnataka,Chikkaballapur,79,7,0
2025-09,Karnataka,Chikkamagaluru,32,3,3
2025-09,Karnataka,Chikmagalur,4,1,0
2025-09,Karnataka,Chitradurga,85,6,1
2025-09,Karnataka,"Dakshina Kannada",125,8,1
2025-09,Karnataka,Davanagere,12,1,0
2025-09,Karnataka,Davangere,130,18,1
2025-09,Karnataka,Dharwad,91,5,1
2025-09,Karnataka,Gadag,189,20,2
2025-09,Karnataka,"Gadag *",9,3,0
2025-09,Karnataka,Gulbarga,107,24,0
2025-09,Karnataka,Hassan,59,6,0
2025-09,Karnataka,Haveri,77,2,1
2025-09,Karnataka,Kalaburagi,112,37,0
2025-09,Karnataka,Kodagu,30,4,2
2025-09,Karnataka,Kolar,115,18,1
2025-09,Karnataka,Koppal,119,47,2
2025-09,Karnataka,Mandya,49,3,0
2025-09,Karnataka,Mysore,60,6,0
2025-09,Karnataka,Mysuru,90,47,14
2025-09,Karnataka,Raichur,147,50,1
2025-09,Karnataka,Ramanagar,75,26,1
2025-09,Karnataka,Shimoga,63,7,0
2025-09,Karnataka,Shivamogga,44,9,0
2025-09,Karnataka,Tumakuru,67,7,4
2025-09,Karnataka,Tumkur,59,4,0
2025-09,Karnataka,Udupi,173,9,1
2025-09,Karnataka,"Uttara Kannada",80,5,0
2025-09,Karnataka,Vijayanagara,55,12,1
2025-09,Karnataka,Vijayapura,134,39,4
2025-09,Karnataka,Yadgir,107,31,1
2025-09,Kerala,Alappuzha,48,25,0
2025-09,Kerala,Ernakulam,62,39,3
2025-09,Kerala,Idukki,27,4,0
2025-09,Kerala,Kannur,54,44,3
2025-09,Kerala,Kasaragod,58,15,0
2025-09,Kerala,Kasargod,4,0,0
2025-09,Kerala,Kollam,68,17,3
2025-09,Kerala,Kottayam,45,13,1
2025-09,Kerala,Kozhikode,93,54,2
2025-09,Kerala,Malappuram,265,132,2
2025-09,Kerala,Palakkad,110,47,0
2025-09,Kerala,Pathanamthitta,36,13,0
2025-09,Kerala,Thiruvananthapuram,83,27,1
2025-09,Kerala,Thrissur,96,43,3
2025-09,Kerala,Wayanad,21,8,0
2025-09,Ladakh,Kargil,15,3,0
2025-09,"Madhya Pradesh","Agar Malwa",31,9,0
2025-09,"Madhya Pradesh",Alirajpur,24,49,0
2025-09,"Madhya Pradesh",Anuppur,56,18,0
2025-09,"Madhya Pradesh","Ashok Nagar",172,51,4
2025-09,"Madhya Pradesh",Balaghat,165,15,0
2025-09,"Madhya Pradesh",Barwani,165,119,3
2025-09,"Madhya Pradesh",Betul,111,23,2
2025-09,"Madhya Pradesh",Bhind,181,105,11
2025-09,"Madhya Pradesh",Bhopal,205,32,0
2025-09,"Madhya Pradesh",Burhanpur,74,58,0
2025-09,"Madhya Pradesh",Chhatarpur,399,199,2
2025-09,"Madhya Pradesh",Chhindwara,217,21,4
2025-09,"Madhya Pradesh",Damoh,321,68,0
2025-09,"Madhya Pradesh",Dewas,183,101,0
2025-09,"Madhya Pradesh",Dhar,138,69,1
2025-09,"Madhya Pradesh",Dindori,61,6,0
2025-09,"Madhya Pradesh","East Nimar",76,40,0
2025-09,"Madhya Pradesh",Guna,190,65,0
2025-09,"Madhya Pradesh",Gwalior,209,97,7
2025-09,"Madhya Pradesh",Harda,36,19,0
2025-09,"Madhya Pradesh",Hoshangabad,142,32,0
2025-09,"Madhya Pradesh",Indore,198,74,2
2025-09,"Madhya Pradesh",Jabalpur,219,42,1
2025-09,"Madhya Pradesh",Jhabua,166,124,1
2025-09,"Madhya Pradesh",Katni,140,33,1
2025-09,"Madhya Pradesh",Khandwa,48,31,0
2025-09,"Madhya Pradesh",Khargone,225,93,15
2025-09,"Madhya Pradesh",Maihar,11,1,0
2025-09,"Madhya Pradesh",Mandla,84,2,0
2025-09,"Madhya Pradesh",Mandsaur,118,23,1
2025-09,"Madhya Pradesh",Morena,127,80,8
2025-09,"Madhya Pradesh",Narmadapuram,18,2,1
2025-09,"Madhya Pradesh",Narsimhapur,46,13,0
2025-09,"Madhya Pradesh",Narsinghpur,96,43,0
2025-09,"Madhya Pradesh",Neemuch,60,35,1
2025-09,"Madhya Pradesh",Niwari,5,1,0
2025-09,"Madhya Pradesh",Raisen,149,55,0
2025-09,"Madhya Pradesh",Rajgarh,127,78,0
2025-09,"Madhya Pradesh",Ratlam,113,39,1
2025-09,"Madhya Pradesh",Rewa,322,60,0
2025-09,"Madhya Pradesh",Sagar,266,57,1
2025-09,"Madhya Pradesh",Satna,285,46,1
2025-09,"Madhya Pradesh",Sehore,46,22,0
2025-09,"Madhya Pradesh",Seoni,141,13,0
2025-09,"Madhya Pradesh",Shahdol,53,11,0
2025-09,"Madhya Pradesh",Shajapur,116,42,2
2025-09,"Madhya Pradesh",Sheopur,34,28,0
2025-09,"Madhya Pradesh",Shivpuri,211,150,2
2025-09,"Madhya Pradesh",Sidhi,109,19,0
2025-09,"Madhya Pradesh",Singrauli,125,25,0
2025-09,"Madhya Pradesh",Tikamgarh,160,50,0
2025-09,"Madhya Pradesh",Ujjain,382,61,1
2025-09,"Madhya Pradesh",Vidisha,137,44,3
2025-09,"Madhya Pradesh","West Nimar",10,4,0
2025-09,Maharashtra,Ahmadnagar,239,112,7
2025-09,Maharashtra,"Ahmed Nagar",14,1,0
2025-09,Maharashtra,Akola,101,22,0
2025-09,Maharashtra,Amravati,117,31,2
2025-09,Maharashtra,Aurangabad,222,118,0
2025-09,Maharashtra,Beed,75,34,1
2025-09,Maharashtra,Bhandara,59,2,1
2025-09,Maharashtra,Buldana,21,0,0
2025-09,Maharashtra,Chandrapur,109,5,0
2025-09,Maharashtra,"Chhatrapati Sambhajinagar",14,12,2
2025-09,Maharashtra,Dhule,92,160,1
2025-09,Maharashtra,Gadchiroli,81,11,0
2025-09,Maharashtra,Gondiya,66,3,0
2025-09,Maharashtra,Hingoli,59,16,1
2025-09,Maharashtra,Jalgaon,375,159,3
2025-09,Maharashtra,Jalna,150,44,0
2025-09,Maharashtra,Kolhapur,189,43,2
2025-09,Maharashtra,Latur,133,46,2
2025-09,Maharashtra,Mumbai,163,72,0
2025-09,Maharashtra,"Mumbai City",51,11,1
2025-09,Maharashtra,"Mumbai Suburban",143,51,4
2025-09,Maharashtra,Nagpur,220,37,3
2025-09,Maharashtra,Nanded,201,49,1
2025-09,Maharashtra,Nandurbar,99,29,4
2025-09,Maharashtra,Nashik,358,135,2
2025-09,Maharashtra,Osmanabad,99,32,0
2025-09,Maharashtra,Palghar,81,51,1
2025-09,Maharashtra,Parbhani,152,41,1
2025-09,Maharashtra,Pune,464,161,6
2025-09,Maharashtra,Raigad,28,11,1
2025-09,Maharashtra,Raigarh,81,23,0
2025-09,Maharashtra,Ratnagiri,39,13,1
2025-09,Maharashtra,Sangli,127,51,3
2025-09,Maharashtra,Satara,90,16,4
2025-09,Maharashtra,Sindhudurg,26,0,0
2025-09,Maharashtra,Solapur,166,65,2
2025-09,Maharashtra,Thane,324,183,6
2025-09,Maharashtra,Wardha,53,3,0
2025-09,Maharashtra,Yavatmal,116,26,0
2025-09,Manipur,Bishnupur,8,14,0
2025-09,Manipur,Churachandpur,30,64,3
2025-09,Manipur,"Imphal West",11,11,0
2025-09,Manipur,Senapati,15,24,0
2025-09,Manipur,Tamenglong,8,21,0
2025-09,Meghalaya,"East Garo Hills",9,35,18
2025-09,Meghalaya,"East Khasi Hills",28,78,78
2025-09,Meghalaya,"Ri Bhoi",28,56,33
2025-09,Meghalaya,"South Garo Hills",1,28,16
2025-09,Meghalaya,"South West Garo Hills",15,5,5
2025-09,Meghalaya,"South West Khasi Hills",5,6,9
2025-09,Meghalaya,"West Garo Hills",38,57,25
2025-09,Mizoram,Aizawl,35,13,1
2025-09,Mizoram,Lawngtlai,15,4,1
2025-09,Nagaland,Dimapur,12,38,4
2025-09,Nagaland,Kohima,3,13,1
2025-09,Nagaland,Longleng,2,19,0
2025-09,Nagaland,Mokokchung,0,10,1
2025-09,Nagaland,Mon,6,13,3
2025-09,Nagaland,Peren,9,23,0
2025-09,Nagaland,Tuensang,3,5,0
2025-09,Odisha,Angul,143,16,0
2025-04,Assam,Darrang,119,67,64
2025-04,Assam,Kamrup,212,72,27
2025-04,Punjab,Ludhiana,426,132,35
2025-04,"Madhya Pradesh","Ashok Nagar",266,86,37
2025-04,"Uttar Pradesh",Maharajganj,141,176,13
2025-04,"West Bengal",Darjeeling,163,83,33
2025-04,Assam,"North Cachar Hills",19,45,13
2025-04,Meghalaya,"East Khasi Hills",606,2200,712
2025-04,Jharkhand,Ranchi,286,304,32
2025-04,Gujarat,Surat,771,269,88
2025-04,Maharashtra,Nanded,208,53,34
2025-04,Karnataka,Bengaluru,1784,312,283
2025-04,Assam,Jorhat,25,12,43
2025-04,Gujarat,"Gir Somnath",230,39,44
2025-04,Maharashtra,Thane,476,234,43
2025-04,"Madhya Pradesh",Bhind,533,152,59
2025-04,Assam,Sonitpur,25,19,11
2025-04,"Uttar Pradesh",Banda,458,340,43
2025-04,"Uttar Pradesh",Lucknow,83,92,23
2025-04,Assam,"Kamrup Metro",122,193,97
2025-04,Assam,Goalpara,34,43,38
2025-04,Bihar,Sitamarhi,200,201,31
2025-04,Gujarat,Bhavnagar,567,36,25
2025-04,Assam,Golaghat,241,238,67
2025-04,Assam,Hojai,372,139,63
2025-04,Bihar,Muzaffarpur,596,307,24
2025-04,Maharashtra,Nagpur,192,13,20
2025-04,"West Bengal","Cooch Behar",243,127,20
2025-04,Gujarat,Patan,62,12,20
2025-04,Maharashtra,Jalgaon,360,53,10
2025-04,Gujarat,Vadodara,288,74,58
2025-04,Maharashtra,Hingoli,429,38,78
2025-04,Maharashtra,Ahmadnagar,71,15,10
2025-04,Gujarat,Gandhinagar,174,32,66
2025-04,"West Bengal","North 24 Parganas",35,28,14
2025-04,"Uttar Pradesh","Kanpur Nagar",186,167,49
2025-04,Delhi,"North West Delhi",608,248,41
2025-04,Bihar,Munger,191,278,22
2025-04,Assam,Nagaon,123,75,10
2025-04,Nagaland,Kohima,185,308,35
2025-04,Assam,Udalguri,113,74,167
2025-04,Rajasthan,Jalor,341,178,36
2025-04,"Uttar Pradesh",Bahraich,485,435,56
2025-04,Assam,Baksa,39,38,19
2025-04,Gujarat,Kheda,131,28,45
2025-04,Assam,Nalbari,44,34,47
2025-04,Assam,Dibrugarh,46,40,49
2025-04,Assam,Kokrajhar,65,64,15
2025-04,Maharashtra,Palghar,174,90,16
2025-04,Bihar,Bhagalpur,349,238,10
2025-04,Rajasthan,Jodhpur,210,101,12
2025-04,Delhi,"Central Delhi",80,41,12
2025-04,Bihar,Gaya,85,200,16
2025-04,Assam,Lakhimpur,325,110,54
2025-04,Gujarat,Sabarkantha,43,49,23
2025-04,Nagaland,Dimapur,249,454,80
2025-04,Assam,Cachar,65,44,17
2025-04,Gujarat,Banaskantha,62,51,47
2025-04,Bihar,Patna,99,411,29
2025-04,"Uttar Pradesh",Kheri,375,408,11
2025-04,Gujarat,Rajkot,203,32,34
2025-04,Maharashtra,Satara,192,26,18
2025-04,"Madhya Pradesh",Betul,193,20,10
2025-04,Assam,"West Karbi Anglong",83,313,34
2025-04,Assam,Chirang,72,120,126
2025-04,Delhi,"South Delhi",151,35,12
2025-04,Maharashtra,Raigad,242,72,21
2025-04,"West Bengal","Uttar Dinajpur",484,109,27
2025-05,Meghalaya,"West Garo Hills",116,144,164
2025-05,Maharashtra,Nandurbar,181,94,11
2025-05,"West Bengal",Kolkata,90,78,10
2025-05,Assam,Lakhimpur,40,31,19
2025-05,Punjab,Hoshiarpur,197,48,18
2025-05,Karnataka,Bengaluru,689,431,205
2025-05,Gujarat,"Devbhumi Dwarka",36,13,13
2025-05,Gujarat,Dahod,300,290,222
2025-05,Gujarat,Ahmedabad,171,61,13
2025-05,Assam,Tinsukia,118,105,74
2025-05,Maharashtra,Nagpur,166,18,12
2025-05,Assam,Golaghat,211,256,92
2025-05,Assam,Kamrup,265,144,89
2025-05,"Uttar Pradesh","Kanpur Nagar",835,854,57
2025-05,Bihar,"West Champaran",907,1211,70
2025-05,"Uttar Pradesh",Banda,228,298,28
2025-05,Meghalaya,"South West Khasi Hills",19,49,34
2025-05,Bihar,Bhagalpur,137,95,14
2025-05,Chhattisgarh,Bijapur,87,103,48
2025-05,Meghalaya,"East Jaintia Hills",125,248,256
2025-05,Gujarat,Banaskantha,331,253,64
2025-05,Gujarat,Rajkot,616,146,96
2025-05,Meghalaya,"East Khasi Hills",79,149,145
2025-05,Gujarat,Patan,59,13,13
2025-05,"West Bengal",Darjeeling,10,17,22
2025-05,"Madhya Pradesh",Barwani,1086,554,33
2025-05,Meghalaya,"Ri Bhoi",57,140,120
2025-05,"Uttar Pradesh",Agra,380,273,16
2025-05,Assam,Sibsagar,33,20,27
2025-05,Delhi,"East Delhi",670,280,55
2025-05,Assam,Dibrugarh,43,18,30
2025-05,Assam,Karimganj,122,138,66
2025-05,Punjab,Kapurthala,113,40,15
2025-05,Maharashtra,"Mumbai Suburban",307,165,78
2025-05,"Uttar Pradesh",Bahraich,581,622,56
2025-05,Gujarat,Anand,111,22,10
2025-05,Meghalaya,"West Khasi Hills",167,215,379
2025-05,Gujarat,"The Dangs",114,17,14
2025-05,Assam,Goalpara,50,17,13
2025-05,Maharashtra,Thane,651,409,43
2025-05,"Madhya Pradesh",Dewas,518,87,17
2025-05,Meghalaya,"South West Garo Hills",158,96,66
2025-05,"Madhya Pradesh",Bhind,221,106,28
2025-05,Mizoram,Saiha,19,25,12
2025-05,"Uttar Pradesh",Lucknow,447,375,23
2025-05,Assam,Kokrajhar,152,99,15
2025-05,Maharashtra,Pune,151,43,31
2025-05,Assam,Udalguri,15,21,47
2025-05,Meghalaya,"South Garo Hills",15,79,32
2025-05,"Uttar Pradesh",Ghaziabad,161,164,13
2025-05,"West Bengal","Dakshin Dinajpur",179,42,14
2025-05,Assam,"Karbi Anglong",47,51,34
2025-05,"Uttar Pradesh",Aligarh,88,48,11
2025-05,"Uttar Pradesh",Bijnor,557,148,11
2025-05,Bihar,"East Champaran",152,309,17
2025-05,Delhi,"South Delhi",118,54,17
2025-05,Assam,Baksa,37,25,20
2025-05,Gujarat,Sabarkantha,90,41,11
2025-05,"Tamil Nadu",Pudukkottai,143,34,13
2025-05,Maharashtra,Hingoli,246,31,34
2025-05,"Uttar Pradesh",Kheri,177,150,11
2025-05,Maharashtra,Beed,366,63,15
2025-05,Assam,Dhemaji,132,77,68
2025-05,Rajasthan,Sirohi,246,301,10
2025-05,"Uttar Pradesh",Sitapur,494,318,10
2025-05,Meghalaya,"West Jaintia Hills",417,416,309
2025-05,Gujarat,"Gir Somnath",81,13,12
2025-05,"West Bengal",Jalpaiguri,163,96,31
2025-05,"Uttar Pradesh",Maharajganj,101,147,12
2025-05,Nagaland,Dimapur,155,207,22
2025-05,"Madhya Pradesh",Chhatarpur,185,155,12
2025-05,Rajasthan,Bikaner,421,164,20
2025-05,"Uttar Pradesh",Bareilly,556,328,34
2025-06,Bihar,Patna,218,643,20
2025-06,"Uttar Pradesh",Rampur,694,751,21
2025-06,Maharashtra,Dhule,131,55,11
2025-06,Meghalaya,"East Khasi Hills",57,358,144
2025-06,Bihar,Sitamarhi,504,702,80
2025-06,Assam,Cachar,122,59,26
2025-06,Assam,Baksa,28,12,12
2025-06,Meghalaya,"West Garo Hills",105,291,318
2025-06,Bihar,Muzaffarpur,1074,1250,81
2025-06,Gujarat,Ahmadabad,271,248,25
2025-06,Bihar,Lakhisarai,298,478,10
2025-06,Haryana,Faridabad,618,170,32
2025-06,"Uttar Pradesh",Gorakhpur,82,223,10
2025-06,Karnataka,"Bengaluru Urban",1355,781,462
2025-06,Bihar,Bhagalpur,236,306,31
2025-06,Karnataka,"Bengaluru Rural",210,142,149
2025-06,"Uttar Pradesh",Sitapur,77,93,12
2025-06,"Tamil Nadu",Kanchipuram,264,76,11
2025-06,Telangana,Hyderabad,295,178,11
2025-06,Punjab,Ludhiana,354,236,28
2025-06,"West Bengal","24 Paraganas North",113,113,23
2025-06,Assam,Kokrajhar,155,115,17
2025-06,Gujarat,Gandhinagar,204,67,41
2025-06,Assam,"Dima Hasao",33,28,10
2025-06,Bihar,Banka,397,542,36
2025-06,Assam,"Kamrup Metro",41,40,25
2025-06,"Tamil Nadu",Salem,174,44,34
2025-06,Maharashtra,Thane,560,446,13
2025-06,"Uttar Pradesh",Bahraich,428,926,87
2025-06,"Uttar Pradesh",Aligarh,204,251,12
2025-06,Gujarat,Rajkot,114,194,16
2025-06,Maharashtra,Hingoli,261,62,14
2025-06,"The Dadra And Nagar Haveli And Daman And Diu","Dadra And Nagar Haveli",188,49,12
2025-06,Gujarat,Dang,222,72,70
2025-06,"West Bengal",Kolkata,50,77,15
2025-06,Gujarat,Anand,14,11,13
2025-06,Gujarat,"Banas Kantha",381,320,20
2025-06,Assam,Lakhimpur,148,128,38
2025-06,"Madhya Pradesh",Alirajpur,68,111,13
2025-06,Meghalaya,"South West Garo Hills",231,170,126
2025-06,Assam,Sonitpur,97,110,77
2025-06,Mizoram,Lawngtlai,119,43,11
2025-06,Bihar,"Pashchim Champaran",285,595,23
2025-06,Gujarat,Dohad,167,40,10
2025-06,"Madhya Pradesh",Burhanpur,486,247,31
2025-06,Bihar,"Purbi Champaran",361,810,127
2025-06,Haryana,Kaithal,406,19,10
2025-06,"Uttar Pradesh",Bareilly,298,369,21
2025-06,Assam,Marigaon,119,66,55
2025-06,Bihar,Purnia,209,169,14
2025-06,Delhi,"South Delhi",452,188,10
2025-06,"Tamil Nadu",Vellore,154,65,16
2025-06,Punjab,Kapurthala,182,67,68
2025-06,"Madhya Pradesh",Bhind,257,110,13
2025-06,"Uttar Pradesh",Pilibhit,569,307,11
2025-06,"Uttar Pradesh",Shravasti,284,461,21
2025-06,Meghalaya,"South Garo Hills",13,125,203
2025-06,"West Bengal",Nadia,135,74,24
2025-06,"West Bengal",Alipurduar,60,111,22
2025-06,Assam,Goalpara,17,43,20
2025-06,"West Bengal",Darjeeling,29,73,22
2025-06,Bihar,Nalanda,221,810,16
2025-06,Rajasthan,Jaisalmer,46,74,14
2025-06,"Tamil Nadu",Kallakurichi,53,12,10
2025-06,Bihar,Katihar,197,117,10
2025-06,Delhi,"West Delhi",1333,455,216
2025-06,Bihar,Siwan,137,252,11
2025-06,"West Bengal",Birbhum,139,65,17
2025-06,Assam,Barpeta,148,114,19
2025-06,Bihar,"Kaimur (Bhabua)",165,536,10
2025-06,Assam,Golaghat,82,43,14
2025-06,Bihar,Munger,117,279,10
2025-06,"Madhya Pradesh",Khargone,242,258,26
2025-06,Bihar,Saran,108,453,11
2025-06,"Uttar Pradesh",Farrukhabad,73,102,11
2025-06,"West Bengal","Medinipur West",45,67,10
2025-06,Bihar,Araria,25,50,10
2025-06,Bihar,Madhubani,182,395,68
2025-06,Maharashtra,Sangli,240,105,11
2025-07,Haryana,Panipat,1344,169,10
2025-07,"Arunachal Pradesh","West Kameng",43,30,10
2025-07,"Himachal Pradesh",Kullu,57,24,33
2025-07,Karnataka,"Bengaluru Urban",1349,813,498
2025-07,Karnataka,"Bengaluru Rural",153,98,88
2025-07,Jharkhand,Gumla,184,111,11
2025-07,"Uttar Pradesh",Kheri,749,838,39
2025-07,Maharashtra,Solapur,53,29,12
2025-07,"West Bengal",Alipurduar,131,180,76
2025-07,Assam,"Kamrup Metro",124,49,27
2025-07,Delhi,"South Delhi",186,67,36
2025-07,Gujarat,Bhavnagar,218,83,11
2025-07,"West Bengal",Darjeeling,135,114,46
2025-07,"Madhya Pradesh",Panna,301,173,13
2025-07,"Uttar Pradesh",Balrampur,126,332,10
2025-07,Bihar,"Purbi Champaran",269,453,51
2025-07,Chhattisgarh,Balrampur,809,320,35
2025-07,Gujarat,Mahisagar,192,113,10
2025-07,"Uttar Pradesh","Siddharth Nagar",568,826,41
2025-07,Assam,Sivasagar,90,52,52
2025-07,Meghalaya,"Ri Bhoi",202,468,378
2025-07,Manipur,Churachandpur,348,1265,13
2025-07,Maharashtra,Buldhana,632,158,40
2025-07,Assam,Jorhat,119,68,110
2025-07,"Uttar Pradesh",Jaunpur,109,274,11
2025-07,Gujarat,Chhotaudepur,151,101,46
2025-07,"Uttar Pradesh",Rampur,2861,2195,113
2025-07,"Andhra Pradesh","Spsr Nellore",134,113,30
2025-07,Maharashtra,Sangli,183,156,12
2025-07,Odisha,Khordha,37,37,13
2025-07,Assam,Dibrugarh,358,170,269
2025-07,"Madhya Pradesh",Khargone,744,813,79
2025-07,Meghalaya,Kamrup,13,71,59
2025-07,Maharashtra,Dhule,500,416,35
2025-07,Bihar,Purnia,273,244,11
2025-07,Gujarat,Dohad,710,1465,100
2025-07,Bihar,Patna,154,428,31
2025-07,Assam,Darrang,190,56,11
2025-07,Gujarat,Surat,264,90,12
2025-07,Gujarat,Kachchh,342,168,24
2025-07,"Madhya Pradesh",Alirajpur,215,450,37
2025-07,Bihar,"Pashchim Champaran",999,2019,97
2025-07,Bihar,Saharsa,310,300,24
2025-07,Meghalaya,"West Garo Hills",470,673,516
2025-07,Assam,Kamrup,233,58,47
2025-07,Assam,Cachar,1092,380,95
2025-07,"Uttar Pradesh",Gonda,123,261,10
2025-07,"Uttar Pradesh",Lucknow,913,823,45
2025-07,"Uttar Pradesh",Maharajganj,148,244,15
2025-07,Gujarat,Patan,73,38,11
2025-07,Nagaland,Tuensang,25,208,15
2025-07,Gujarat,Ahmadabad,361,220,28
2025-07,Gujarat,Jamnagar,235,55,10
2025-07,Assam,Tinsukia,362,324,168
2025-07,"West Bengal",Nadia,269,85,35
2025-07,"West Bengal","24 Paraganas North",369,345,88
2025-07,Telangana,Hyderabad,935,362,68
2025-07,"West Bengal",Coochbehar,204,303,12
2025-07,Assam,Chirang,95,174,13
2025-07,"Uttar Pradesh",Varanasi,177,325,22
2025-07,Assam,Hojai,1152,169,12
2025-07,Assam,Goalpara,1387,293,80
2025-07,Delhi,"New Delhi",52,52,46
2025-07,Meghalaya,"East Khasi Hills",133,800,644
2025-07,"Uttar Pradesh",Barabanki,236,178,23
2025-07,"Tamil Nadu",Chengalpattu,21,26,11
2025-07,Punjab,Gurdaspur,549,99,10
2025-07,"Uttar Pradesh",Shahjahanpur,765,696,18
2025-07,Meghalaya,"South West Garo Hills",167,77,35
2025-07,Maharashtra,"Mumbai Suburban",1127,891,48
2025-07,"Madhya Pradesh",Shivpuri,617,705,42
2025-07,Maharashtra,Pune,159,70,14
2025-07,Maharashtra,Nanded,713,261,24
2025-07,Nagaland,Peren,36,105,18
2025-07,"Madhya Pradesh",Sagar,582,111,22
2025-07,Maharashtra,Thane,542,459,63
2025-07,Jharkhand,Ranchi,195,175,43
2025-07,Bihar,Gopalganj,336,724,10
2025-07,"Madhya Pradesh",Jhabua,520,1091,65
2025-07,Meghalaya,"North Garo Hills",22,97,125
2025-07,Bihar,Sitamarhi,1041,1231,330
2025-07,Gujarat,Amreli,162,57,25
2025-07,"Madhya Pradesh",Barwani,1400,1376,79
2025-07,Gujarat,Rajkot,917,258,65
2025-07,Kerala,Thiruvananthapuram,10,10,31
2025-07,Maharashtra,Satara,327,116,16
2025-07,Gujarat,"Devbhumi Dwarka",103,26,19
2025-07,Maharashtra,Ahmednagar,92,64,16
2025-07,Rajasthan,Jalore,296,181,13
2025-07,Bihar,Nawada,70,255,21
2025-07,Assam,"West Karbi Anglong",116,148,118
2025-07,"Uttar Pradesh",Muzaffarnagar,391,175,11
2025-07,Nagaland,Mon,117,221,29
2025-07,Assam,Golaghat,49,38,90
2025-07,Bihar,Siwan,192,414,12
2025-07,Gujarat,"Banas Kantha",798,972,89
2025-07,Assam,Dhemaji,634,195,31
2025-07,Gujarat,Gandhinagar,269,86,116
2025-07,Gujarat,Porbandar,127,45,27
2025-07,Karnataka,Mysuru,261,100,11
2025-07,Rajasthan,Jodhpur,391,346,10
2025-07,"West Bengal",Hooghly,177,111,12
2025-07,Rajasthan,Sirohi,172,278,16
2025-07,Maharashtra,Hingoli,1017,280,62
2025-07,Gujarat,Morbi,368,147,81
2025-07,"West Bengal","Dinajpur Uttar",1102,1207,45
2025-07,"Uttar Pradesh",Bahraich,489,610,31
2025-07,Punjab,Kapurthala,178,39,137
2025-07,"Uttar Pradesh",Bareilly,499,441,20
2025-07,"Madhya Pradesh",Dhar,518,380,24
2025-07,"Uttar Pradesh","Kanpur Nagar",132,162,13
2025-07,"West Bengal","24 Paraganas South",364,104,22
2025-07,"Uttar Pradesh",Pilibhit,563,608,17
2025-07,"Tamil Nadu",Chennai,87,63,12
2025-07,Gujarat,Surendranagar,152,43,19
2025-07,"Uttar Pradesh","Gautam Buddha Nagar",363,434,33
2025-07,"Madhya Pradesh",Morena,1160,1025,43
2025-07,Maharashtra,Jalgaon,161,56,10
2025-07,Maharashtra,Mumbai,114,92,12
2025-07,Gujarat,Botad,170,79,10
2025-07,Assam,Karimganj,166,83,19
2025-07,"Uttar Pradesh",Shravasti,425,669,24
2025-07,"Madhya Pradesh",Bhind,673,493,54
2025-07,"West Bengal",Jalpaiguri,10,49,10
2025-07,Odisha,Nabarangpur,327,103,12
2025-07,"Madhya Pradesh",Indore,994,432,41
2025-07,Gujarat,"Sabar Kantha",99,41,15
2025-07,Karnataka,Ramanagara,168,24,12
2025-07,Bihar,Nalanda,156,650,25
2025-07,"Uttar Pradesh",Etah,267,238,10
2025-07,Nagaland,Wokha,40,191,17
2025-07,Punjab,Patiala,766,237,18
2025-07,Maharashtra,Nandurbar,344,195,16
2025-07,"Uttar Pradesh",Ghaziabad,249,194,10
2025-07,Jharkhand,"West Singhbhum",320,440,16
2025-07,Tripura,Sepahijala,166,144,15
2025-07,Punjab,Ludhiana,168,148,24
2025-07,Mizoram,Lunglei,83,32,20
2025-07,"Uttar Pradesh",Mainpuri,124,294,11
2025-07,Delhi,"Central Delhi",103,33,10
2025-03,Assam,Marigaon,10,11,46
2025-03,Assam,Kokrajhar,42,91,47
2025-03,"Uttar Pradesh",Agra,152,235,50
2025-03,Assam,Dibrugarh,10,12,14
2025-03,Assam,Udalguri,10,46,34
2025-03,Assam,Chirang,12,29,15
2025-03,Assam,Kamrup,13,20,13
2025-03,Karnataka,"Bengaluru Urban",90,69,72
2025-03,Assam,Dhubri,15,51,12
2025-03,Gujarat,Dohad,16,18,27
2025-03,Uttarakhand,Haridwar,17,15,28
2025-03,"Madhya Pradesh",Bhind,17,15,11
2025-03,"Uttar Pradesh","Kanpur Nagar",47,138,23
2025-03,"Uttar Pradesh",Jaunpur,19,103,29
2025-03,Maharashtra,Thane,19,13,15
2025-03,Gujarat,"Banas Kantha",56,28,41
2025-03,Assam,Dhemaji,20,46,19
2025-03,Meghalaya,"East Khasi Hills",22,20,12
2025-03,Gujarat,Patan,23,12,12
2025-03,"Uttar Pradesh",Ghaziabad,33,125,16
2025-03,Gujarat,Morbi,36,12,23
2025-03,Bihar,Sitamarhi,41,55,30
2025-03,Chhattisgarh,Raipur,49,15,36
2025-03,"Uttar Pradesh",Aligarh,62,29,15
2025-03,"Uttar Pradesh",Firozabad,65,51,11
2025-03,"Madhya Pradesh",Gwalior,73,25,18
2025-03,Maharashtra,Aurangabad,134,38,18
2025-04,"Madhya Pradesh",Guna,633,120,31
2025-04,Bihar,"Kaimur (Bhabua)",146,199,12
2025-04,Rajasthan,Dholpur,222,95,10
2025-04,Manipur,Churachandpur,130,476,26
2025-04,Bihar,"West Champaran",271,300,20
2025-04,Gujarat,Morbi,548,105,129
2025-04,Gujarat,Bharuch,138,50,23
2025-04,"Uttar Pradesh",Jaunpur,484,493,38
2025-04,"West Bengal",Jhargram,40,10,12
2025-04,"Madhya Pradesh",Khargone,166,37,12
2025-04,Gujarat,Chhotaudepur,31,11,12
2025-04,Assam,Dhubri,205,65,13
2025-04,Maharashtra,"Mumbai Suburban",82,13,10
2025-04,Assam,Hailakandi,70,43,18
2025-04,Gujarat,Panchmahals,63,17,15
2025-04,Assam,"South Salmara Mankachar",102,43,12
2025-04,"Uttar Pradesh",Budaun,480,267,13
2025-04,"Uttar Pradesh","Kanpur Dehat",141,146,31
2025-04,Gujarat,Porbandar,205,28,24
2025-04,Meghalaya,"West Garo Hills",145,176,62
2025-04,Gujarat,Kachchh,442,73,20
2025-04,Punjab,Kapurthala,138,37,51
2025-04,Assam,Marigaon,186,171,22
2025-04,Meghalaya,"South Garo Hills",50,231,118
2025-04,Rajasthan,Nagaur,118,54,10
2025-04,Assam,Bongaigaon,74,29,27
2025-04,Rajasthan,Sikar,141,29,10
2025-04,Karnataka,Mysuru,456,19,10
2025-04,Gujarat,Mahesana,120,15,25
2025-04,Rajasthan,Churu,316,141,12
2025-04,Telangana,Hyderabad,160,22,10
2025-09,"Andaman and Nicobar Islands",Nicobar,1,2,0
2025-09,"Andaman and Nicobar Islands","South Andaman",2,0,0
2025-09,"Andhra Pradesh",Adilabad,59,11,0
2025-09,"Andhra Pradesh","Alluri Sitharama Raju",32,2,1
2025-09,"Andhra Pradesh",Anakapalli,17,0,0
2025-09,"Andhra Pradesh",Anantapur,99,8,0
2025-09,"Andhra Pradesh",Ananthapur,53,4,0
2025-09,"Andhra Pradesh",Ananthapuramu,93,2,0
2025-09,"Andhra Pradesh",Bapatla,14,2,1
2025-09,"Andhra Pradesh",Chittoor,251,30,0
2025-09,"Andhra Pradesh",Cuddapah,157,12,0
2025-09,"Andhra Pradesh","Dr. B. R. Ambedkar Konaseema",22,4,1
2025-09,"Andhra Pradesh","East Godavari",265,20,0
2025-09,"Andhra Pradesh",Eluru,8,0,1
2025-09,"Andhra Pradesh",Guntur,300,39,0
2025-09,"Andhra Pradesh",Hyderabad,97,38,0
2025-09,"Andhra Pradesh",Kakinada,14,3,1
2025-09,"Andhra Pradesh",Karimnagar,21,7,0
2025-09,"Andhra Pradesh",Khammam,37,14,0
2025-09,"Arunachal Pradesh",Anjaw,8,2,0
2025-09,"Arunachal Pradesh","Kra Daadi",1,3,0
2025-09,"Arunachal Pradesh",Longding,3,33,0
2025-09,Assam,Bongaigaon,108,24,1
2025-09,Assam,Charaideo,16,7,0
2025-09,Assam,Majuli,28,15,0
2025-09,Assam,"North Cachar Hills",6,10,0
2025-09,Assam,Sibsagar,44,9,0
2025-09,Bihar,Aurangabad(bh),2,1,0
2025-09,Bihar,Lakhisarai,49,39,0
2025-09,Bihar,Sheikhpura,44,75,0
2025-09,Chhattisgarh,Balod,42,1,0
2025-09,Chhattisgarh,Dantewada,9,2,0
2025-09,Chhattisgarh,Dhamtari,87,3,1
2025-09,Chhattisgarh,Janjgir-champa,112,16,1
2025-09,Chhattisgarh,Kabeerdham,24,3,0
2025-09,Chhattisgarh,Kanker,29,9,0
2025-09,Chhattisgarh,"Khairagarh Chhuikhadan Gandai",5,0,0
2025-09,Chhattisgarh,Koriya,33,16,0
2025-09,Chhattisgarh,Mahasamund,68,9,0
2025-09,Chhattisgarh,"Mohla-Manpur-Ambagarh Chouki",5,1,1
2025-09,Chhattisgarh,Mungeli,101,16,0
2025-09,Chhattisgarh,"Uttar Bastar Kanker",15,1,0
2025-09,"Dadra and Nagar Haveli and Daman and Diu",Daman,1,0,1
2025-09,Delhi,Najafgarh,2,1,0
2025-09,Delhi,"West Delhi",153,34,0
2025-09,Gujarat,"The Dangs",38,14,1
2025-09,Haryana,Gurgaon,149,23,5
2025-09,Haryana,Panchkula,36,3,0
2025-09,"Himachal Pradesh",Shimla,26,1,0
2025-09,"Jammu and Kashmir",Ganderbal,29,4,0
2025-09,"Jammu and Kashmir",Kishtwar,7,2,0
2025-09,Jharkhand,Chatra,108,68,0
2025-09,Jharkhand,Koderma,60,47,0
2025-09,Jharkhand,Pakaur,2,0,0
2025-09,Karnataka,Hasan,19,0,0
2025-09,Karnataka,"Haveri *",6,1,0
2025-09,Rajasthan,Sikar,350,91,0
2025-09,Rajasthan,Sirohi,146,96,1
2025-09,Rajasthan,Tonk,149,44,0
2025-09,Rajasthan,Udaipur,306,246,2
2025-09,Sikkim,East,11,11,0
2025-09,Sikkim,South,4,5,0
2025-09,Sikkim,"South Sikkim",0,6,0
2025-09,Sikkim,West,5,3,1
2025-09,Sikkim,"West Sikkim",6,4,0
2025-09,"Tamil Nadu",Ariyalur,38,4,0
2025-09,"Tamil Nadu",Chengalpattu,25,4,2
2025-09,"Tamil Nadu",Chennai,202,69,1
2025-09,"Tamil Nadu",Coimbatore,176,47,0
2025-09,"Tamil Nadu",Cuddalore,271,37,0
2025-09,"Tamil Nadu",Dharmapuri,126,19,0
2025-09,"Tamil Nadu",Dindigul,152,48,2
2025-09,"Tamil Nadu",Erode,162,23,0
2025-09,"Tamil Nadu",Kallakurichi,17,1,0
2025-09,"Tamil Nadu",Kancheepuram,262,96,1
2025-09,"Tamil Nadu",Kanniyakumari,68,2,0
2025-09,"Tamil Nadu",Kanyakumari,48,7,1
2025-09,"Tamil Nadu",Karur,117,21,0
2025-09,"Tamil Nadu",Krishnagiri,134,18,0
2025-09,"Tamil Nadu",Madurai,229,30,0
2025-09,"Tamil Nadu",Mayiladuthurai,17,2,0
2025-09,"Tamil Nadu",Nagapattinam,102,30,0
2025-09,"Tamil Nadu",Namakkal,117,14,0
2025-09,"Tamil Nadu",Perambalur,73,10,0
2025-09,"Tamil Nadu",Pudukkottai,178,43,1
2025-09,"Tamil Nadu",Ramanathapuram,90,12,0
2025-09,"Tamil Nadu",Salem,244,46,1
2025-09,"Tamil Nadu",Sivaganga,84,18,0
2025-09,"Tamil Nadu",Tenkasi,26,4,0
2025-09,"Tamil Nadu",Thanjavur,178,44,0
2025-09,"Tamil Nadu","The Nilgiris",31,7,0
2025-09,"Tamil Nadu",Theni,73,15,0
2025-09,"Tamil Nadu",Thiruvallur,6,1,0
2025-09,"Tamil Nadu",Thiruvarur,112,37,0
2025-09,"Tamil Nadu",Thoothukkudi,114,16,0
2025-09,"Tamil Nadu",Tiruchirappalli,384,31,0
2025-09,"Tamil Nadu",Tirunelveli,214,45,0
2025-09,"Tamil Nadu",Tiruppur,144,22,0
2025-09,"Tamil Nadu",Tiruvallur,264,67,0
2025-09,"Tamil Nadu",Tiruvannamalai,206,21,1
2025-09,"Tamil Nadu",Vellore,213,35,0
2025-09,"Tamil Nadu",Villupuram,160,29,0
2025-09,"Tamil Nadu",Viluppuram,108,18,0
2025-09,"Tamil Nadu",Virudhunagar,159,13,1
2025-09,Telangana,Adilabad,119,23,0
2025-09,Telangana,"Bhadradri Kothagudem",44,10,0
2025-09,Telangana,Hanumakonda,35,5,0
2025-09,Telangana,Hyderabad,347,99,8
2025-09,Telangana,Jagitial,59,6,0
2025-09,Telangana,Jangaon,4,2,0
2025-09,Telangana,Jangoan,21,2,0
2025-09,Telangana,"Jogulamba Gadwal",67,13,0
2025-09,Telangana,"K.v. Rangareddy",538,132,3
2025-09,Telangana,Kamareddy,70,5,0
2025-09,Telangana,Karimnagar,209,36,0
2025-09,Telangana,Khammam,95,84,0
2025-09,Telangana,"Komaram Bheem",49,9,0
2025-09,Telangana,Mahabubabad,42,8,0
2025-09,Telangana,Mahabubnagar,350,116,0
2025-09,Telangana,Mancherial,38,17,0
2025-09,Telangana,Medak,199,58,0
2025-09,Telangana,Medchal-malkajgiri,123,36,2
2025-09,Telangana,Medchal−malkajgiri,11,1,0
2025-09,Telangana,Nagarkurnool,36,8,0
2025-09,Telangana,Nalgonda,275,63,0
2025-09,Telangana,Narayanpet,40,8,0
2025-09,Telangana,Nirmal,47,4,0
2025-09,Telangana,Nizamabad,307,19,0
2025-09,Telangana,Peddapalli,37,8,1
2025-09,Telangana,"Rajanna Sircilla",30,1,0
2025-09,Telangana,Rangareddy,2,0,0
2025-09,Telangana,Sangareddy,95,15,0
2025-09,Telangana,Siddipet,67,8,0
2025-09,Telangana,Suryapet,62,12,0
2025-09,Telangana,Vikarabad,99,26,0
2025-09,Telangana,Wanaparthy,81,21,0
2025-09,Telangana,Warangal,71,24,0
2025-09,Telangana,"Warangal Urban",33,3,0
2025-09,Telangana,Yadadri.,70,9,0
2025-09,Tripura,Dhalai,52,42,0
2025-09,Tripura,Gomati,11,3,0
2025-09,Tripura,Khowai,8,1,2
2025-09,Tripura,"North Tripura",34,15,0
2025-09,Tripura,"South Tripura",54,34,0
2025-09,Tripura,"West Tripura",41,25,1
2025-09,"Uttar Pradesh",Agra,203,185,8
2025-09,"Uttar Pradesh",Aligarh,244,212,4
2025-09,"Uttar Pradesh",Allahabad,370,235,0
2025-09,"Uttar Pradesh","Ambedkar Nagar",165,232,2
2025-09,"Uttar Pradesh",Amethi,135,143,2
2025-09,"Uttar Pradesh",Amroha,184,108,1
2025-09,"Uttar Pradesh",Auraiya,83,74,0
2025-09,"Uttar Pradesh",Ayodhya,17,5,0
2025-09,"Uttar Pradesh",Azamgarh,207,368,2
2025-09,"Uttar Pradesh",Baghpat,81,63,5
2025-09,"Uttar Pradesh",Bahraich,247,453,43
2025-09,"Uttar Pradesh",Ballia,135,212,1
2025-09,"Uttar Pradesh",Balrampur,78,154,0
2025-09,"Uttar Pradesh",Banda,118,180,1
2025-09,"Uttar Pradesh","Bara Banki",257,153,3
2025-09,"Uttar Pradesh",Bareilly,323,243,7
2025-09,"Uttar Pradesh",Basti,143,127,1
2025-09,"Uttar Pradesh",Bhadohi,9,3,0
2025-09,"Uttar Pradesh",Bijnor,241,123,0
2025-09,"Uttar Pradesh",Budaun,202,261,10
2025-09,"Uttar Pradesh",Bulandshahr,278,245,3
2025-09,"Uttar Pradesh",Chandauli,128,119,0
2025-09,"Uttar Pradesh",Chitrakoot,78,62,0
2025-09,"Uttar Pradesh",Deoria,145,123,0
2025-09,"Uttar Pradesh",Etah,49,34,0
2025-09,"Uttar Pradesh",Etawah,88,102,0
2025-09,"Uttar Pradesh",Faizabad,206,180,0
2025-09,"Uttar Pradesh",Farrukhabad,97,93,1
2025-09,"Uttar Pradesh",Fatehpur,139,154,2
2025-09,"Uttar Pradesh",Firozabad,112,109,0
2025-09,"Uttar Pradesh","Gautam Buddha Nagar",148,192,8
2025-09,"Uttar Pradesh",Ghaziabad,275,263,4
2025-09,"Uttar Pradesh",Ghazipur,205,348,0
2025-09,"Uttar Pradesh",Gonda,242,255,5
2025-09,"Uttar Pradesh",Gorakhpur,184,317,5
2025-09,"Uttar Pradesh",Hamirpur,71,62,0
2025-09,"Uttar Pradesh",Hapur,54,23,0
2025-09,"Uttar Pradesh",Hardoi,242,233,2
2025-09,"Uttar Pradesh",Jalaun,51,79,1
2025-09,"Uttar Pradesh",Jaunpur,170,326,2
2025-09,"Uttar Pradesh",Jhansi,174,99,2
2025-09,"Uttar Pradesh",Kannauj,115,169,2
2025-09,"Uttar Pradesh","Kanpur Dehat",110,105,0
2025-09,"Uttar Pradesh","Kanpur Nagar",215,303,9
2025-09,"Uttar Pradesh",Kasganj,93,75,7
2025-09,"Uttar Pradesh",Kaushambi,103,90,0
2025-09,"Uttar Pradesh",Kheri,287,410,11
2025-09,"Uttar Pradesh",Kushinagar,173,176,0
2025-09,"Uttar Pradesh",Lucknow,273,269,3
2025-09,"Uttar Pradesh",Maharajganj,116,199,1
2025-09,"Uttar Pradesh",Mahoba,68,72,0
2025-09,"Uttar Pradesh",Mainpuri,123,195,4
2025-09,"Uttar Pradesh",Mathura,150,161,1
2025-09,"Uttar Pradesh",Mau,114,258,3
2025-09,"Uttar Pradesh",Meerut,245,168,5
2025-09,"Uttar Pradesh",Mirzapur,178,187,0
2025-09,"Uttar Pradesh",Moradabad,144,52,0
2025-09,"Uttar Pradesh",Muzaffarnagar,103,86,0
2025-09,"Uttar Pradesh",Pilibhit,122,77,2
2025-09,"Uttar Pradesh",Pratapgarh,240,260,1
2025-09,"Uttar Pradesh",Prayagraj,42,33,1
2025-09,"Uttar Pradesh","Rae Bareli",151,127,1
2025-09,"Uttar Pradesh",Saharanpur,243,107,0
2025-09,"Uttar Pradesh",Sambhal,160,184,6
2025-09,"Uttar Pradesh","Sant Kabir Nagar",71,102,1
2025-09,"Uttar Pradesh","Sant Ravidas Nagar",89,161,1
2025-09,"Uttar Pradesh",Shahjahanpur,162,143,4
2025-09,"Uttar Pradesh",Shamli,132,75,0
2025-09,"Uttar Pradesh",Shrawasti,67,116,6
2025-09,"Uttar Pradesh",Siddharthnagar,141,179,7
2025-09,"Uttar Pradesh",Sitapur,334,403,10
2025-09,"Uttar Pradesh",Sonbhadra,123,109,0
2025-09,"Uttar Pradesh",Sultanpur,166,205,1
2025-09,"Uttar Pradesh",Unnao,132,153,5
2025-09,"Uttar Pradesh",Varanasi,174,384,2
2025-09,Uttarakhand,Chamoli,38,1,2
2025-09,Uttarakhand,Dehradun,223,32,0
2025-09,Uttarakhand,Hardwar,4,4,0
2025-09,Uttarakhand,Haridwar,128,42,0
2025-09,Uttarakhand,Nainital,52,8,0
2025-09,Uttarakhand,"Pauri Garhwal",63,11,1
2025-09,Uttarakhand,Pithoragarh,45,3,1
2025-09,Uttarakhand,"Tehri Garhwal",75,13,0
2025-09,Uttarakhand,"Udham Singh Nagar",247,51,0
2025-09,"West Bengal",Bankura,311,91,5
2025-09,"West Bengal",Barddhaman,537,131,1
2025-09,"West Bengal",Bardhaman,64,22,0
2025-09,"West Bengal",Birbhum,360,53,1
2025-09,"West Bengal","Cooch Behar",244,115,3
2025-09,"West Bengal","Dakshin Dinajpur",305,52,8
2025-09,"West Bengal",Darjeeling,88,45,6
2025-09,"West Bengal",Darjiling,21,13,0
2025-09,"West Bengal","East Midnapore",87,9,0
2025-09,Karnataka,yadgir,19,1,0
2025-09,Lakshadweep,Lakshadweep,3,0,0
2025-09,"Madhya Pradesh",Datia,154,56,0
2025-09,"Madhya Pradesh",Panna,217,50,3
2025-09,"Madhya Pradesh",Umaria,116,22,0
2025-09,Maharashtra,Bid,6,4,0
2025-09,Maharashtra,Buldhana,160,41,5
2025-09,Maharashtra,"Mumbai( Sub Urban )",6,3,0
2025-09,Maharashtra,Washim,37,3,0
2025-09,Manipur,"Imphal East",20,17,0
2025-09,Manipur,Thoubal,18,32,0
2025-09,Manipur,Ukhrul,10,15,0
2025-09,Meghalaya,"North Garo Hills",4,9,6
2025-09,Meghalaya,"West Jaintia Hills",38,65,57
2025-09,Meghalaya,"West Khasi Hills",23,48,28
2025-09,Mizoram,Saiha,6,3,0
2025-09,Nagaland,Niuland,0,1,0
2025-09,Nagaland,Shamator,0,34,0
2025-09,Nagaland,Zunheboto,1,3,2
2025-09,Odisha,Balangir,213,51,0
2025-09,Odisha,Baleshwar,25,7,0
2025-09,Odisha,Baleswar,189,31,0
2025-09,Odisha,Bargarh,147,27,0
2025-09,Odisha,Baudh,13,3,0
2025-09,Odisha,Bhadrak,123,59,0
2025-09,Odisha,Boudh,68,11,0
2025-09,Odisha,Cuttack,171,27,0
2025-09,Odisha,Debagarh,57,7,0
2025-09,Odisha,Gajapati,92,20,0
2025-09,Odisha,Ganjam,334,50,0
2025-09,Odisha,JAJPUR,85,31,1
2025-09,Odisha,Jagatsinghapur,72,17,0
2025-09,Odisha,Jagatsinghpur,14,6,0
2025-09,Odisha,Jajapur,72,22,0
2025-09,Odisha,Jharsuguda,55,4,0
2025-09,Odisha,Kalahandi,189,51,0
2025-09,Odisha,Kandhamal,146,26,0
2025-09,Odisha,Kendrapara,116,39,1
2025-09,Odisha,Kendujhar,132,45,0
2025-09,Odisha,Khorda,115,29,0
2025-09,Odisha,Khordha,10,1,0
2025-09,Odisha,Koraput,161,62,0
2025-09,Odisha,Malkangiri,159,35,0
2025-09,Odisha,Mayurbhanj,304,82,0
2025-09,Odisha,Nabarangapur,217,123,0
2025-09,Odisha,Nayagarh,99,11,0
2025-09,Odisha,Nuapada,94,22,0
2025-09,Odisha,Puri,111,16,0
2025-09,Odisha,Rayagada,138,23,0
2025-09,Odisha,Sambalpur,101,20,0
2025-09,Odisha,Sonapur,50,11,0
2025-09,Odisha,Subarnapur,22,0,0
2025-09,Odisha,Sundargarh,20,3,0
2025-09,Odisha,Sundergarh,129,25,0
2025-09,Orissa,Balangir,16,3,0
2025-09,Orissa,Baleshwar,13,3,0
2025-09,Orissa,Bargarh,8,0,0
2025-09,Orissa,Dhenkanal,5,1,0
2025-09,Orissa,Ganjam,16,4,0
2025-09,Orissa,Mayurbhanj,3,0,0
2025-09,Orissa,Nayagarh,3,0,0
2025-09,Pondicherry,Karaikal,6,0,0
2025-09,Pondicherry,Pondicherry,30,2,0
2025-09,Puducherry,Puducherry,24,2,1
2025-09,Punjab,Amritsar,191,31,3
2025-09,Punjab,Barnala,29,3,0
2025-09,Punjab,Bathinda,68,12,0
2025-09,Punjab,Faridkot,42,6,0
2025-09,Punjab,"Fatehgarh Sahib",37,3,0
2025-09,Punjab,Fazilka,77,15,1
2025-09,Punjab,Ferozepur,74,7,0
2025-09,Punjab,Firozpur,19,3,0
2025-09,Punjab,Gurdaspur,128,17,0
2025-09,Punjab,Hoshiarpur,74,6,0
2025-09,Punjab,Jalandhar,100,13,3
2025-09,Punjab,Kapurthala,40,7,2
2025-09,Punjab,Ludhiana,174,55,7
2025-09,Punjab,Mansa,46,4,0
2025-09,Punjab,Moga,54,4,1
2025-09,Punjab,Nawanshahr,8,0,0
2025-09,Punjab,Patiala,87,7,0
2025-09,Punjab,Rupnagar,50,2,0
2025-09,Punjab,"S.A.S Nagar(Mohali)",12,0,0
2025-09,Punjab,"SAS Nagar (Mohali)",73,17,2
2025-09,Punjab,Sangrur,71,5,0
2025-09,Punjab,"Shaheed Bhagat Singh Nagar",47,6,0
2025-09,Punjab,"Sri Muktsar Sahib",53,9,0
2025-09,Punjab,"Tarn Taran",65,10,0
2025-09,Rajasthan,Ajmer,338,95,4
2025-09,Rajasthan,Alwar,615,208,4
2025-09,Rajasthan,Barmer,336,147,1
2025-09,Rajasthan,Bharatpur,398,177,3
2025-09,Rajasthan,Bhilwara,226,75,3
2025-09,Rajasthan,Bikaner,210,164,5
2025-09,Rajasthan,Bundi,155,41,1
2025-09,Rajasthan,Chittorgarh,175,67,0
2025-09,Rajasthan,Churu,269,110,2
2025-09,Rajasthan,Dausa,240,69,0
2025-09,Rajasthan,Dhaulpur,6,3,0
2025-09,Rajasthan,Dholpur,285,112,2
2025-09,Rajasthan,Dungarpur,116,79,1
2025-09,Rajasthan,Ganganagar,86,30,0
2025-09,Rajasthan,Hanumangarh,223,51,2
2025-09,Rajasthan,Jaipur,692,220,5
2025-09,Rajasthan,Jalor,239,101,0
2025-09,Rajasthan,Jhalawar,236,67,1
2025-09,Rajasthan,Jhunjhunu,13,11,0
2025-09,Rajasthan,Jhunjhunun,246,72,1
2025-09,Rajasthan,Jodhpur,387,152,5
2025-09,Rajasthan,Karauli,276,81,3
2025-09,Rajasthan,Kota,174,49,6
2025-09,Rajasthan,Nagaur,548,178,0
2025-09,Rajasthan,Pali,272,109,1
2025-09,Rajasthan,Pratapgarh,151,62,0
2025-09,Rajasthan,Rajsamand,155,46,0
2025-09,Rajasthan,"Sawai Madhopur",177,63,0
2025-09,Telangana,"Warangal Rural",28,2,0
2025-09,Tripura,Unakoti,12,7,0
2025-09,"Uttar Pradesh",Barabanki,18,11,0
2025-09,"Uttar Pradesh",Hathras,46,46,0
2025-09,"Uttar Pradesh",Lalitpur,49,27,2
2025-09,"Uttar Pradesh",Rampur,119,100,5
2025-09,Uttarakhand,Almora,20,6,0
2025-09,Uttarakhand,Bageshwar,14,0,0
2025-09,"West Bengal",Alipurduar,14,11,3
2025-09,"West Bengal",Haora,98,44,0
2025-09,"West Bengal",Hooghly,432,167,9
2025-09,"West Bengal",Howrah,340,140,2
2025-09,"West Bengal",Jalpaiguri,199,122,8
2025-09,"West Bengal",Jhargram,21,6,1
2025-09,"West Bengal","Koch Bihar",77,34,0
2025-09,"West Bengal",Kolkata,127,120,15
2025-09,"West Bengal",Malda,363,134,2
2025-09,"West Bengal",Maldah,47,28,0
2025-09,"West Bengal",Murshidabad,1187,152,1
2025-09,"West Bengal",Nadia,415,99,12
2025-09,"West Bengal","North 24 Parganas",882,198,40
2025-09,"West Bengal","North Dinajpur",9,6,0
2025-09,"West Bengal","North Twenty Four Parganas",36,8,0
2025-09,"West Bengal","Paschim Bardhaman",26,16,6
2025-09,"West Bengal","Paschim Medinipur",486,156,1
2025-09,"West Bengal","Purba Bardhaman",76,5,2
2025-09,"West Bengal","Purba Medinipur",559,48,0
2025-09,"West Bengal",Purulia,26,9,0
2025-09,"West Bengal",Puruliya,545,188,10
2025-09,"West Bengal","South 24 Parganas",864,290,10
2025-09,"West Bengal","South Dinajpur",19,2,0
2025-09,"West Bengal","South Twenty Four Parganas",68,27,0
2025-09,"West Bengal","Uttar Dinajpur",620,282,4
2025-09,"West Bengal","West Midnapore",49,25,0
2025-09,"Andhra Pradesh",Mahabubnagar,1,0,0
2025-09,"Andhra Pradesh",Nizamabad,16,0,0
2025-09,"Andhra Pradesh","Parvathipuram Manyam",9,0,0
2025-09,"Arunachal Pradesh",Kamle,0,4,0
2025-09,"Arunachal Pradesh","Kurung Kumey",1,1,0
2025-09,"Arunachal Pradesh",Lohit,3,2,0
2025-09,"Arunachal Pradesh","Lower Subansiri",5,4,0
2025-09,"Arunachal Pradesh","Papum Pare",4,3,0
2025-09,Bihar,Purnea,7,2,0
2025-09,Chhattisgarh,"Dakshin Bastar Dantewada",4,2,1
2025-09,Delhi,Shahdara,3,2,4
2025-09,Haryana,Ambala,42,0,0
2025-09,"Jammu & Kashmir",Baramula,3,0,0
2025-09,"Jammu and Kashmir",Kulgam,28,7,0
2025-09,"Jammu and Kashmir",Punch,13,9,0
2025-09,Jharkhand,Kodarma,7,1,0
2025-09,"Madhya Pradesh","Harda *",12,1,0
2025-09,"Madhya Pradesh",Mauganj,4,1,0
2025-09,Maharashtra,Dharashiv,0,1,0
2025-09,Manipur,Chandel,20,50,1
2025-09,Meghalaya,"East Jaintia Hills",4,9,4
2025-09,Mizoram,Champhai,34,12,0
2025-09,Mizoram,Kolasib,0,1,0
2025-09,Mizoram,Mammit,1,0,0
2025-09,Nagaland,Wokha,1,4,0
2025-09,Odisha,Dhenkanal,79,20,0
2025-09,Orissa,Cuttack,8,1,0
2025-09,Orissa,Khordha,21,4,0
2025-09,Orissa,Koraput,1,1,0
2025-09,Orissa,Puri,9,3,0
2025-09,Orissa,Sonapur,1,0,0
2025-09,Orissa,Sundargarh,2,1,0
2025-09,Punjab,Pathankot,30,1,0
2025-09,Rajasthan,Banswara,117,78,0
2025-09,Rajasthan,Baran,97,36,0
2025-09,Rajasthan,Chittaurgarh,25,4,0
2025-09,Rajasthan,Jaisalmer,28,17,0
2025-09,Sikkim,"East Sikkim",2,7,2
2025-09,"Tamil Nadu",Tirupattur,28,2,0
2025-09,Telangana,"Jayashankar Bhupalpally",22,7,0
2025-09,Telangana,Mulugu,26,8,0
2025-09,Odisha,Anugul,7,1,0
2025-09,Orissa,Bhadrak,11,2,0
2025-09,Orissa,Jajapur,1,0,0
2025-09,Orissa,Malkangiri,2,0,0
2025-09,Puducherry,Karaikal,13,0,0
2025-09,Puducherry,Yanam,1,0,0
2025-09,Punjab,Malerkotla,19,7,0
2025-09,Punjab,Muktsar,16,0,0
2025-09,Sikkim,"North Sikkim",1,0,0
2025-09,"Tamil Nadu",Ranipet,2,1,0
2025-09,Uttarakhand,Garhwal,2,0,0
2025-09,Uttarakhand,Rudraprayag,21,2,0
2025-09,Uttarakhand,Uttarkashi,6,0,0
2025-09,"Andhra Pradesh",Annamayya,21,1,16
2025-09,"Arunachal Pradesh","West Kameng",1,0,0
2025-09,Assam,"Tamulpur District",1,1,0
2025-09,Assam,"West Karbi Anglong",3,5,8
2025-09,Chhattisgarh,Gaurela-pendra-marwahi,2,1,0
2025-09,Chhattisgarh,Narayanpur,7,9,0
2025-09,Delhi,"North East",14,18,0
2025-09,Haryana,Palwal,88,6,0
2025-09,"Himachal Pradesh",Chamba,28,0,0
2025-09,"Himachal Pradesh",Kinnaur,1,1,0
2025-09,Jharkhand,Sahibganj,4,3,0
2025-09,Mizoram,Serchhip,3,1,0
2025-09,Nagaland,Phek,1,8,0
2025-09,Odisha,NUAPADA,5,1,0
2025-09,Orissa,Jharsuguda,2,0,0
2025-09,Chhattisgarh,"Janjgir Champa",1,0,0
2025-09,Gujarat,"Sabar Kantha",3,1,0
2025-09,Jharkhand,"Pashchimi Singhbhum",3,5,0
2025-09,"West Bengal",Hugli,6,3,0
2025-09,"Andaman & Nicobar Islands",Andamans,3,0,0
2025-09,"Andaman & Nicobar Islands","South Andaman",3,0,0
2025-09,"Andaman and Nicobar Islands","North And Middle Andaman",3,0,0
2025-09,Bihar,Samstipur,0,2,0
2025-09,"Daman & Diu",Daman,1,0,0
2025-09,"West  Bengal",Hooghly,0,1,0
2025-09,Westbengal,Hooghly,1,0,0
2025-09,"Andhra Pradesh","Karim Nagar",2,0,0
2025-09,Mizoram,Khawzawl,1,0,0
2025-09,Tripura,Sepahijala,12,6,0
2025-09,"West Bengal",Kalimpong,9,1,2
2025-09,"Andhra Pradesh",K.V.Rangareddy,2,0,0
2025-09,Maharashtra,"Nandurbar *",1,2,0
2025-09,Manipur,Jiribam,1,0,0
2025-09,Orissa,Rayagada,2,0,0
2025-09,"Himachal Pradesh","Lahul & Spiti",3,0,0
2025-09,"Jammu & Kashmir",Jammu,1,1,0
2025-09,"Jammu and Kashmir",Shupiyan,6,1,0
2025-09,Ladakh,Leh,3,0,0
2025-09,"Arunachal Pradesh","Upper Subansiri",2,1,0
2025-09,"Dadra & Nagar Haveli","Dadra & Nagar Haveli",1,0,0
2025-09,"Dadra and Nagar Haveli","Dadra and Nagar Haveli",31,1,1
2025-09,Gujarat,"Panch Mahals",1,0,0
2025-09,"Arunachal Pradesh",Namsai,2,0,0
2025-09,Bihar,"Pashchim Champaran",1,2,0
2025-09,Bihar,Sheikpura,0,1,0
2025-09,"Daman and Diu",Daman,1,0,0
2025-09,Delhi,"South East Delhi",1,0,0
2025-09,"Himachal Pradesh","Lahul and Spiti",1,0,0
2025-09,Tripura,"Dhalai  *",4,0,0
2025-09,Uttarakhand,Champawat,5,0,0
2025-09,Maharashtra,Raigarh(MH),2,1,0
2025-09,Meghalaya,"Eastern West Khasi Hills",0,9,0
2025-09,Mizoram,Lunglei,5,0,0
2025-09,Nagaland,Kiphire,3,10,0
2025-09,Orissa,Kalahandi,2,0,0
2025-09,Sikkim,North,1,1,0
2025-09,Manipur,Kakching,1,1,0
2025-09,Orissa,Anugul,1,0,0
2025-09,"Arunachal Pradesh","East Siang",3,0,0
2025-09,"Arunachal Pradesh","Lower Siang",1,0,0
2025-09,Mizoram,Mamit,1,0,0
2025-09,Nagaland,Chumukedima,0,0,2
2025-09,Orissa,Kendrapara,1,0,0
2025-09,Sikkim,Namchi,0,0,1
2025-09,"Uttar Pradesh",Bulandshahar,4,2,0
